{"cameraMode":{"drawMode":0,"name":"Shaded","section":"Shading Mode"},"sceneLighting":false,"audioPlay":false,"sceneViewState":{"showFog":true,"showMaterialUpdate":false,"showSkybox":false,"showFlares":true,"showImageEffects":true,"showParticleSystems":true},"in2DMode":false,"pivot":{"x":4.499982833862305,"y":4.000000953674316,"z":13.499996185302735},"rotation":{"x":-0.03352508693933487,"y":-0.24628765881061555,"z":0.008524888195097447,"w":-0.9685799479484558},"size":15.087255477905274,"orthographic":false}